﻿"LOCATION","INDICATOR","SUBJECT","MEASURE","FREQUENCY","TIME","Value","Flag Codes"
"USA","GGREV","TOT","PC_GDP","A","1970",29.8071047038907,
"USA","GGREV","TOT","PC_GDP","A","1971",29.273490664034,
"USA","GGREV","TOT","PC_GDP","A","1972",30.4060936901439,
"USA","GGREV","TOT","PC_GDP","A","1973",30.6379849246795,
"USA","GGREV","TOT","PC_GDP","A","1974",31.2334203099448,
"USA","GGREV","TOT","PC_GDP","A","1975",29.6127329509574,
"USA","GGREV","TOT","PC_GDP","A","1976",30.2638265902001,
"USA","GGREV","TOT","PC_GDP","A","1977",30.5813680394039,
"USA","GGREV","TOT","PC_GDP","A","1978",30.6170347920713,
"USA","GGREV","TOT","PC_GDP","A","1979",30.9464654284533,
"USA","GGREV","TOT","PC_GDP","A","1980",31.3549246895766,
"USA","GGREV","TOT","PC_GDP","A","1981",31.9821514030686,
"USA","GGREV","TOT","PC_GDP","A","1982",31.6354528350922,
"USA","GGREV","TOT","PC_GDP","A","1983",30.9784977482349,
"USA","GGREV","TOT","PC_GDP","A","1984",30.8966960429343,
"USA","GGREV","TOT","PC_GDP","A","1985",31.3368850828732,
"USA","GGREV","TOT","PC_GDP","A","1986",31.585661923417,
"USA","GGREV","TOT","PC_GDP","A","1987",32.3779545910943,
"USA","GGREV","TOT","PC_GDP","A","1988",32.17435649959,
"USA","GGREV","TOT","PC_GDP","A","1989",32.4007009561151,
"USA","GGREV","TOT","PC_GDP","A","1990",32.422857841434,
"USA","GGREV","TOT","PC_GDP","A","1991",32.4536033590722,
"USA","GGREV","TOT","PC_GDP","A","1992",32.2214248150438,
"USA","GGREV","TOT","PC_GDP","A","1993",32.4804867611403,
"USA","GGREV","TOT","PC_GDP","A","1994",32.850127606681,
"USA","GGREV","TOT","PC_GDP","A","1995",33.1655086574179,
"USA","GGREV","TOT","PC_GDP","A","1996",33.6241929082702,
"USA","GGREV","TOT","PC_GDP","A","1997",33.8946922618481,
"USA","GGREV","TOT","PC_GDP","A","1998",34.2089741081609,
"USA","GGREV","TOT","PC_GDP","A","1999",34.1746809227984,
"USA","GGREV","TOT","PC_GDP","A","2000",34.6344801146508,
"USA","GGREV","TOT","PC_GDP","A","2001",33.7609309531005,
"USA","GGREV","TOT","PC_GDP","A","2002",31.4104926128464,
"USA","GGREV","TOT","PC_GDP","A","2003",30.8435526781324,
"USA","GGREV","TOT","PC_GDP","A","2004",31.0997618417961,
"USA","GGREV","TOT","PC_GDP","A","2005",32.5105253371709,
"USA","GGREV","TOT","PC_GDP","A","2006",33.3354954888698,
"USA","GGREV","TOT","PC_GDP","A","2007",33.440220165432,
"USA","GGREV","TOT","PC_GDP","A","2008",32.4523612122604,
"USA","GGREV","TOT","PC_GDP","A","2009",30.1361618145895,
"USA","GGREV","TOT","PC_GDP","A","2010",30.74026669598,
"USA","GGREV","TOT","PC_GDP","A","2011",31.0524042401706,
"USA","GGREV","TOT","PC_GDP","A","2012",31.0096754295408,
"USA","GGREV","TOT","PC_GDP","A","2013",33.1868434101679,
"USA","GGREV","TOT","PC_GDP","A","2014",33.1526731505864,
"USA","GGREV","TOT","PC_GDP","A","2015",33.3143665053844,
"USA","GGREV","TOT","PC_GDP","A","2016",32.8651635102036,
"USA","GGREV","TOT","PC_GDP","A","2017",33.7248768611205,
"USA","GGREV","TOT","PC_GDP","A","2018",31.2319954501951,
